,tweet_id,in_reply_to_status_id,in_reply_to_user_id,timestamp,source,text,retweeted_status_id,retweeted_status_user_id,retweeted_status_timestamp,expanded_urls,rating_numerator,rating_denominator,name,doggo,floofer,pupper,puppo
15,889278841981685760,,,2017-07-24 00:19:32 +0000,"<a href=""http://twitter.com/download/iphone"" rel=""nofollow"">Twitter for iPhone</a>",This is Oliver. You're witnessing one of his many brutal attacks. Seems to be playing with his victim. 13/10 fr*ckin frightening #BarkWeek https://t.co/WpHvrQedPb,,,,https://twitter.com/dog_rates/status/889278841981685760/video/1,13,10,Oliver,None,None,None,None
22,887517139158093824,,,2017-07-19 03:39:09 +0000,"<a href=""http://twitter.com/download/iphone"" rel=""nofollow"">Twitter for iPhone</a>",I've yet to rate a Venezuelan Hover Wiener. This is such an honor. 14/10 paw-inspiring af (IG: roxy.thedoxy) https://t.co/20VrLAA8ba,,,,https://twitter.com/dog_rates/status/887517139158093824/video/1,14,10,such,None,None,None,None
24,887343217045368832,,,2017-07-18 16:08:03 +0000,"<a href=""http://twitter.com/download/iphone"" rel=""nofollow"">Twitter for iPhone</a>",You may not have known you needed to see this today. 13/10 please enjoy (IG: emmylouroo) https://t.co/WZqNqygEyV,,,,https://twitter.com/dog_rates/status/887343217045368832/video/1,13,10,None,None,None,None,None
30,886267009285017600,8.862663570751283e+17,2281181600.0,2017-07-15 16:51:35 +0000,"<a href=""http://twitter.com/download/iphone"" rel=""nofollow"">Twitter for iPhone</a>",@NonWhiteHat @MayhewMayhem omg hello tanner you are a scary good boy 12/10 would pet with extreme caution,,,,,12,10,None,None,None,None,None
35,885518971528720385,,,2017-07-13 15:19:09 +0000,"<a href=""http://twitter.com/download/iphone"" rel=""nofollow"">Twitter for iPhone</a>",I have a new hero and his name is Howard. 14/10 https://t.co/gzLHboL7Sk,,,,https://twitter.com/4bonds2carbon/status/885517367337512960,14,10,None,None,None,None,None
42,884247878851493888,,,2017-07-10 03:08:17 +0000,"<a href=""http://twitter.com/download/iphone"" rel=""nofollow"">Twitter for iPhone</a>",OMG HE DIDN'T MEAN TO HE WAS JUST TRYING A LITTLE BARKOUR HE'S SUPER SORRY 13/10 WOULD FORGIVE IMMEDIATE https://t.co/uF3pQ8Wubj,,,,https://twitter.com/kaijohnson_19/status/883965650754039809,13,10,None,None,None,None,None
55,881633300179243008,8.816070373140521e+17,47384430.0,2017-07-02 21:58:53 +0000,"<a href=""http://twitter.com/download/iphone"" rel=""nofollow"">Twitter for iPhone</a>",@roushfenway These are good dogs but 17/10 is an emotional impulse rating. More like 13/10s,,,,,17,10,None,None,None,None,None
56,881536004380872706,,,2017-07-02 15:32:16 +0000,"<a href=""http://twitter.com/download/iphone"" rel=""nofollow"">Twitter for iPhone</a>","Here is a pupper approaching maximum borkdrive. Zooming at never before seen speeds. 14/10 paw-inspiring af 
(IG: puffie_the_chow) https://t.co/ghXBIIeQZF",,,,https://twitter.com/dog_rates/status/881536004380872706/video/1,14,10,a,None,None,pupper,None
64,879674319642796034,8.795538273341727e+17,3105440746.0,2017-06-27 12:14:36 +0000,"<a href=""http://twitter.com/download/iphone"" rel=""nofollow"">Twitter for iPhone</a>",@RealKentMurphy 14/10 confirmed,,,,,14,10,None,None,None,None,None
66,879415818425184262,,,2017-06-26 19:07:24 +0000,"<a href=""http://twitter.com/download/iphone"" rel=""nofollow"">Twitter for iPhone</a>",This is Duddles. He did an attempt. 13/10 someone help him (vid by Georgia Felici) https://t.co/UDT7ZkcTgY,,,,https://twitter.com/dog_rates/status/879415818425184262/video/1,13,10,Duddles,None,None,None,None
72,878604707211726852,,,2017-06-24 13:24:20 +0000,"<a href=""http://twitter.com/download/iphone"" rel=""nofollow"">Twitter for iPhone</a>",Martha is stunning how h*ckin dare you. 13/10 https://t.co/9uABQXgjwa,,,,https://twitter.com/bbcworld/status/878599868507402241,13,10,None,None,None,None,None
83,876537666061221889,,,2017-06-18 20:30:39 +0000,"<a href=""http://twitter.com/download/iphone"" rel=""nofollow"">Twitter for iPhone</a>",I can say with the pupmost confidence that the doggos who assisted with this search are heroic as h*ck. 14/10 for all https://t.co/8yoc1CNTsu,,,,https://twitter.com/mpstowerham/status/876162994446753793,14,10,None,None,None,None,None
87,875144289856114688,,,2017-06-15 00:13:52 +0000,"<a href=""http://twitter.com/download/iphone"" rel=""nofollow"">Twitter for iPhone</a>",Meet Nugget and Hank. Nugget took Hank's bone. Hank is wondering if you would please return it to him. Both 13/10 would not intervene https://t.co/ogith9ejNj,,,,https://twitter.com/dog_rates/status/875144289856114688/video/1,13,10,Nugget,None,None,None,None
88,875097192612077568,,,2017-06-14 21:06:43 +0000,"<a href=""http://twitter.com/download/iphone"" rel=""nofollow"">Twitter for iPhone</a>",You'll get your package when that precious man is done appreciating the pups. 13/10 for everyone https://t.co/PFp4MghzBW,,,,https://twitter.com/drboondoc/status/874413398133547008,13,10,None,None,None,None,None
110,871102520638267392,,,2017-06-03 20:33:19 +0000,"<a href=""http://twitter.com/download/iphone"" rel=""nofollow"">Twitter for iPhone</a>",Never doubt a doggo 14/10 https://t.co/AbBLh2FZCH,,,,https://twitter.com/animalcog/status/871075758080503809,14,10,None,doggo,None,None,None
113,870726314365509632,8.707262027424932e+17,16487760.0,2017-06-02 19:38:25 +0000,"<a href=""http://twitter.com/download/iphone"" rel=""nofollow"">Twitter for iPhone</a>",@ComplicitOwl @ShopWeRateDogs &gt;10/10 is reserved for dogs,,,,,10,10,None,None,None,None,None
133,866720684873056260,,,2017-05-22 18:21:28 +0000,"<a href=""http://twitter.com/download/iphone"" rel=""nofollow"">Twitter for iPhone</a>",He was providing for his family 13/10 how dare you https://t.co/Q8mVwWN3f4,,,,https://twitter.com/nbcnews/status/866458718883467265,13,10,None,None,None,None,None
145,863553081350529029,,,2017-05-14 00:34:33 +0000,"<a href=""http://twitter.com/download/iphone"" rel=""nofollow"">Twitter for iPhone</a>",This is Neptune. He's a backpup vocalist for the Dixie Chicks. 13/10 (vid by @AmiWinehouse) https://t.co/tordvmaaop,,,,https://twitter.com/dog_rates/status/863553081350529029/video/1,13,10,Neptune,None,None,None,None
148,863427515083354112,8.634256455687741e+17,77596200.0,2017-05-13 16:15:35 +0000,"<a href=""http://twitter.com/download/iphone"" rel=""nofollow"">Twitter for iPhone</a>","@Jack_Septic_Eye I'd need a few more pics to polish a full analysis, but based on the good boy content above I'm leaning towards 12/10",,,,,12,10,None,None,None,None,None
157,861288531465048066,,,2017-05-07 18:36:02 +0000,"<a href=""http://twitter.com/download/iphone"" rel=""nofollow"">Twitter for iPhone</a>",HI. MY. NAME. IS. BOOMER. AND. I. WANT. TO. SAY. IT'S. H*CKIN. RIDICULOUS. THAT. DOGS. CAN'T VOTE. ABSOLUTE. CODSWALLUP. THANK. YOU. 13/10 https://t.co/SqKJPwbQ2g,,,,https://twitter.com/dog_rates/status/861288531465048066/video/1,13,10,None,None,None,None,None
169,859196978902773760,,,2017-05-02 00:04:57 +0000,"<a href=""http://twitter.com/download/iphone"" rel=""nofollow"">Twitter for iPhone</a>",We only rate dogs. This is quite clearly a smol broken polar bear. We'd appreciate if you only send dogs. Thank you... 12/10 https://t.co/g2nSyGenG9,,,,https://twitter.com/dog_rates/status/859196978902773760/video/1,12,10,quite,None,None,None,None
179,857214891891077121,8.571566780553421e+17,180670967.0,2017-04-26 12:48:51 +0000,"<a href=""http://twitter.com/download/iphone"" rel=""nofollow"">Twitter for iPhone</a>",@Marc_IRL pixelated af 12/10,,,,,12,10,None,None,None,None,None
186,856288084350160898,8.562860041095537e+17,279280991.0,2017-04-23 23:26:03 +0000,"<a href=""http://twitter.com/download/iphone"" rel=""nofollow"">Twitter for iPhone</a>",@xianmcguire @Jenna_Marbles Kardashians wouldn't be famous if as a society we didn't place enormous value on what they do. The dogs are very deserving of their 14/10,,,,,14,10,None,None,None,None,None
188,855862651834028034,8.558615844633518e+17,194351775.0,2017-04-22 19:15:32 +0000,"<a href=""http://twitter.com/download/iphone"" rel=""nofollow"">Twitter for iPhone</a>",@dhmontgomery We also gave snoop dogg a 420/10 but I think that predated your research,,,,,420,10,None,None,None,None,None
189,855860136149123072,8.558585356070011e+17,13615722.0,2017-04-22 19:05:32 +0000,"<a href=""http://twitter.com/download/iphone"" rel=""nofollow"">Twitter for iPhone</a>","@s8n You tried very hard to portray this good boy as not so good, but you have ultimately failed. His goodness shines through. 666/10",,,,,666,10,None,None,None,None,None
190,855857698524602368,,,2017-04-22 18:55:51 +0000,"<a href=""http://twitter.com/download/iphone"" rel=""nofollow"">Twitter for iPhone</a>","HE'S LIKE ""WAIT A MINUTE I'M AN ANIMAL THIS IS AMAZING HI HUMAN I LOVE YOU AS WELL"" 13/10 https://t.co/sb73bV5Y7S",,,,https://twitter.com/perfy/status/855857318168150016,13,10,None,None,None,None,None
192,855818117272018944,,,2017-04-22 16:18:34 +0000,"<a href=""http://twitter.com/download/iphone"" rel=""nofollow"">Twitter for iPhone</a>",I HEARD HE TIED HIS OWN BOWTIE MARK AND HE JUST WANTS TO SAY HI AND MAYBE A NOGGIN PAT SHOW SOME RESPECT 13/10 https://t.co/5BEjzT2Tth,,,,https://twitter.com/markhalperin/status/855656431005061120,13,10,None,None,None,None,None
209,852226086759018497,,,2017-04-12 18:25:07 +0000,"<a href=""http://twitter.com"" rel=""nofollow"">Twitter Web Client</a>","Meet General. He wasn't content with the quality of his room. Requested to pupgrade, but was ignored. 14/10 look who just lost a customer https://t.co/NP5JW8LnmW",,,,https://twitter.com/dog_rates/status/852226086759018497/video/1,14,10,General,None,None,None,None
217,850380195714523136,,,2017-04-07 16:10:12 +0000,"<a href=""http://twitter.com/download/iphone"" rel=""nofollow"">Twitter for iPhone</a>",This is Leo. He's a personal triathlon coach. Currently overseeing this athlete's push-pups. H*ckin brutal. 13/10 would do all he asks of me https://t.co/FXZQtBcnTO,,,,https://twitter.com/dog_rates/status/850380195714523136/video/1,13,10,Leo,None,None,None,None
218,850333567704068097,8.503288187788206e+17,21955058.0,2017-04-07 13:04:55 +0000,"<a href=""http://twitter.com/download/iphone"" rel=""nofollow"">Twitter for iPhone</a>",@markhoppus MARK THAT DOG HAS SEEN AND EXPERIENCED MANY THINGS. PROBABLY LOST OTHER EAR DOING SOMETHING HEROIC. 13/10 HUG THE DOG HOPPUS,,,,,13,10,None,None,None,None,None
228,848213670039564288,8.482121117298401e+17,4196983835.0,2017-04-01 16:41:12 +0000,"<a href=""http://twitter.com/download/iphone"" rel=""nofollow"">Twitter for iPhone</a>",Jerry just apuppologized to me. He said there was no ill-intent to the slippage. I overreacted I admit. Pupgraded to an 11/10 would pet,,,,,11,10,None,None,None,None,None
234,847617282490613760,8.476061755961385e+17,4196983835.0,2017-03-31 01:11:22 +0000,"<a href=""http://twitter.com/download/iphone"" rel=""nofollow"">Twitter for iPhone</a>",.@breaannanicolee PUPDATE: Cannon has a heart on his nose. Pupgraded to a 13/10,,,,,13,10,None,None,None,None,None
241,846505985330044928,,,2017-03-27 23:35:28 +0000,"<a href=""http://twitter.com/download/iphone"" rel=""nofollow"">Twitter for iPhone</a>",THIS WAS NOT HIS FAULT HE HAD NO IDEA. 11/10 STILL A VERY GOOD DOG https://t.co/GJ8rozumsy,,,,https://twitter.com/shomaristone/status/846484798663245829,11,10,None,None,None,None,None
243,846139713627017216,,,2017-03-26 23:20:02 +0000,"<a href=""http://twitter.com/download/iphone"" rel=""nofollow"">Twitter for iPhone</a>",SHE DID AN ICY ZOOM AND KNEW WHEN TO PUT ON THE BRAKES 13/10 CANCEL THE GAME THIS IS ALL WE NEED https://t.co/4ctgpGcqAd,,,,https://twitter.com/csncapitals/status/846088479142531073,13,10,None,None,None,None,None
256,843981021012017153,,,2017-03-21 00:22:10 +0000,"<a href=""http://twitter.com/download/iphone"" rel=""nofollow"">Twitter for iPhone</a>",HE WAS DOING A SNOOZE NO SHAME IN A SNOOZE 13/10 https://t.co/Gu5wHx3CBd,,,,https://twitter.com/brianstack153/status/796796054100471809,13,10,None,None,None,None,None
269,841320156043304961,,,2017-03-13 16:08:50 +0000,"<a href=""http://twitter.com/download/iphone"" rel=""nofollow"">Twitter for iPhone</a>","We don't rate penguins, but if we did, this one would get 12/10 https://t.co/cEORXhwZ5K",,,,https://twitter.com/abc/status/841311395547250688,12,10,None,None,None,None,None
270,841314665196081154,,,2017-03-13 15:47:01 +0000,"<a href=""http://twitter.com"" rel=""nofollow"">Twitter Web Client</a>",This is Max. There's no way in h*ck you're taking his pacifier. Binky promises it's not happening. 13/10 very good stubborn boy https://t.co/9lVAqDEvZ5,,,,https://twitter.com/dog_rates/status/841314665196081154/video/1,13,10,Max,None,None,None,None
274,840698636975636481,8.406983002988626e+17,8.405478643549184e+17,2017-03-11 22:59:09 +0000,"<a href=""http://twitter.com/download/iphone"" rel=""nofollow"">Twitter for iPhone</a>",@0_kelvin_0 &gt;10/10 is reserved for puppos sorry Kevin,,,,,10,10,None,None,None,None,None
283,838952994649550848,,,2017-03-07 03:22:35 +0000,"<a href=""http://twitter.com/download/iphone"" rel=""nofollow"">Twitter for iPhone</a>",SHE MISPLACED HER HOOMAN 13/10 MISTAKES HAPPEN https://t.co/ngAxYLVYHP,,,,https://twitter.com/ktla/status/838948714227998720,13,10,None,None,None,None,None
290,838150277551247360,8.381454986911949e+17,21955058.0,2017-03-04 22:12:52 +0000,"<a href=""http://twitter.com/download/iphone"" rel=""nofollow"">Twitter for iPhone</a>",@markhoppus 182/10,,,,,182,10,None,None,None,None,None
291,838085839343206401,8.380855393624023e+17,2894131180.0,2017-03-04 17:56:49 +0000,"<a href=""http://twitter.com/download/iphone"" rel=""nofollow"">Twitter for iPhone</a>",@bragg6of8 @Andy_Pace_ we are still looking for the first 15/10,,,,,15,10,None,None,None,None,None
313,835246439529840640,8.35245984028504e+17,26259576.0,2017-02-24 21:54:03 +0000,"<a href=""http://twitter.com/download/iphone"" rel=""nofollow"">Twitter for iPhone</a>","@jonnysun @Lin_Manuel ok jomny I know you're excited but 960/00 isn't a valid rating, 13/10 is tho",,,,,960,0,None,None,None,None,None
323,834089966724603904,,,2017-02-21 17:18:39 +0000,"<a href=""http://twitter.com/download/iphone"" rel=""nofollow"">Twitter for iPhone</a>",DOGGO ON THE LOOSE I REPEAT DOGGO ON THE LOOSE 10/10 https://t.co/ffIH2WxwF0,,,,https://twitter.com/stevekopack/status/834086676934836224,10,10,None,doggo,None,None,None
334,832682457690300417,,,2017-02-17 20:05:43 +0000,"<a href=""http://twitter.com/download/iphone"" rel=""nofollow"">Twitter for iPhone</a>",Prosperous good boy 13/10 socioeconomic af https://t.co/8YlD5lxPbQ,,,,https://twitter.com/telegraph/status/832268302944579584,13,10,None,None,None,None,None
335,832645525019123713,,,2017-02-17 17:38:57 +0000,"<a href=""http://twitter.com"" rel=""nofollow"">Twitter Web Client</a>","There's going to be a dog terminal at JFK Airport. This is not a drill. 10/10  
https://t.co/dp5h9bCwU7",,,,http://us.blastingnews.com/news/2017/02/jfk-announces-its-first-ever-ark-oasis-animal-terminal-001480161.html?sbdht=_pM1QUzk3wsdTxcmMoRPV7FWYYlsNKcFRcYSY7OmeHnOXA4NtUM6PLQ2_,10,10,not,None,None,None,None
339,832273440279240704,,,2017-02-16 17:00:25 +0000,"<a href=""http://twitter.com/download/iphone"" rel=""nofollow"">Twitter for iPhone</a>",Say hello to Smiley. He's a blind therapy doggo having a h*ckin blast high steppin around in the snow. 14/10 would follow anywhere https://t.co/SHAb1wHjMz,,,,https://twitter.com/dog_rates/status/832273440279240704/video/1,14,10,Smiley,doggo,None,None,None
342,832088576586297345,8.320875475599974e+17,30582082.0,2017-02-16 04:45:50 +0000,"<a href=""http://twitter.com/download/iphone"" rel=""nofollow"">Twitter for iPhone</a>",@docmisterio account started on 11/15/15,,,,,11,15,None,None,None,None,None
346,831926988323639298,8.319030442248356e+17,20683724.0,2017-02-15 18:03:45 +0000,"<a href=""http://twitter.com/download/iphone"" rel=""nofollow"">Twitter for iPhone</a>",@UNC can confirm 12/10,,,,,12,10,None,None,None,None,None
355,830956169170665475,,,2017-02-13 01:46:03 +0000,"<a href=""http://twitter.com/download/iphone"" rel=""nofollow"">Twitter for iPhone</a>",Say hello to Reggie. He hates puns. 12/10 lighten pup Reggie https://t.co/X4vNEzAod5,,,,https://twitter.com/dog_rates/status/830956169170665475/video/1,12,10,Reggie,None,None,None,None
375,828361771580813312,,,2017-02-05 21:56:51 +0000,"<a href=""http://twitter.com"" rel=""nofollow"">Twitter Web Client</a>",Beebop and Doobert should start a band 12/10 would listen,,,,,12,10,None,None,None,None,None
387,826598799820865537,8.265983652700078e+17,4196983835.0,2017-02-01 01:11:25 +0000,"<a href=""http://twitter.com/download/iphone"" rel=""nofollow"">Twitter for iPhone</a>","I was going to do 007/10, but the joke wasn't worth the &lt;10 rating",,,,,7,10,None,None,None,None,None
404,824025158776213504,,,2017-01-24 22:44:42 +0000,"<a href=""http://twitter.com/download/iphone"" rel=""nofollow"">Twitter for iPhone</a>","""I wish we were dogs"" 14/10 for @BadlandsNPS https://t.co/50qq2DItPW",,,,https://twitter.com/badlandsnps/status/823966201328046080,14,10,None,None,None,None,None
409,823333489516937216,8.233263893362442e+17,1582853809.0,2017-01-23 00:56:15 +0000,"<a href=""http://twitter.com/download/iphone"" rel=""nofollow"">Twitter for iPhone</a>",@HistoryInPics 13/10,,,,,13,10,None,None,None,None,None
426,821407182352777218,,,2017-01-17 17:21:47 +0000,"<a href=""http://twitter.com/download/iphone"" rel=""nofollow"">Twitter for iPhone</a>",This is Sundance. He's a doggo drummer. Even sings a bit on the side. 14/10 entertained af (vid by @sweetsundance) https://t.co/Xn5AQtiqzG,,,,https://twitter.com/dog_rates/status/821407182352777218/video/1,14,10,Sundance,doggo,None,None,None
427,821153421864615936,8.21152592717697e+17,113211856.0,2017-01-17 00:33:26 +0000,"<a href=""http://twitter.com/download/iphone"" rel=""nofollow"">Twitter for iPhone</a>",@imgur for a polar bear tho I'd say 13/10 is appropriate,,,,,13,10,None,None,None,None,None
428,821149554670182400,,,2017-01-17 00:18:04 +0000,"<a href=""http://twitter.com/download/iphone"" rel=""nofollow"">Twitter for iPhone</a>",This is Luca. He got caught howling. H*ckin embarrassed. 12/10 https://t.co/r8DxA8DYJ2,,,,https://twitter.com/dog_rates/status/821149554670182400/video/1,12,10,Luca,None,None,None,None
440,819924195358416896,,,2017-01-13 15:08:56 +0000,"<a href=""http://twitter.com/download/iphone"" rel=""nofollow"">Twitter for iPhone</a>",Here we have a doggo who has messed up. He was hoping you wouldn't notice. 11/10 someone help him https://t.co/XdRNXNYD4E,,,,https://twitter.com/dog_rates/status/819924195358416896/video/1,11,10,None,doggo,None,None,None
444,819238181065359361,,,2017-01-11 17:42:57 +0000,"<a href=""http://twitter.com"" rel=""nofollow"">Twitter Web Client</a>","Some happy pupper news to share. 10/10 for everyone involved 
https://t.co/MefMAZX2uv",,,,http://us.blastingnews.com/news/2017/01/200-dogs-saved-from-south-korean-dog-meat-industry-001385441.html?sbdht=_pM1QUzk3wsfscF9XF2WEd9KoWDpsQlMUjfh1HxxUq0u5mMbiu2B0kw2_,10,10,None,None,None,pupper,None
458,817908911860748288,,,2017-01-08 01:40:55 +0000,"<a href=""http://twitter.com/download/iphone"" rel=""nofollow"">Twitter for iPhone</a>","Looks like he went cross-eyed trying way too hard to use the force. 12/10 
https://t.co/bbuKxk0fM8",,,,https://twitter.com/micahgrimes/status/817902080979599361,12,10,None,None,None,None,None
459,817827839487737858,,,2017-01-07 20:18:46 +0000,"<a href=""http://twitter.com/download/iphone"" rel=""nofollow"">Twitter for iPhone</a>",This is Buddy. He ran into a glass door once. Now he's h*ckin skeptical. 13/10 empowering af (vid by Brittany Gaunt) https://t.co/q2BgNIi3OA,,,,https://twitter.com/dog_rates/status/817827839487737858/video/1,13,10,Buddy,None,None,None,None
460,817777686764523521,,,2017-01-07 16:59:28 +0000,"<a href=""http://twitter.com/download/iphone"" rel=""nofollow"">Twitter for iPhone</a>","This is Dido. She's playing the lead role in ""Pupper Stops to Catch Snow Before Resuming Shadow Box with Dried Apple."" 13/10 (IG: didodoggo) https://t.co/m7isZrOBX7",,,,https://twitter.com/dog_rates/status/817777686764523521/video/1,13,10,Dido,doggo,None,pupper,None
463,817423860136083457,,,2017-01-06 17:33:29 +0000,"<a href=""http://twitter.com/download/iphone"" rel=""nofollow"">Twitter for iPhone</a>",This is Ken. His cheeks are magic. 13/10 (IG: ken_shiba) https://t.co/btzf1zTDeQ,,,,https://twitter.com/dog_rates/status/817423860136083457/video/1,13,10,Ken,None,None,None,None
478,815966073409433600,,,2017-01-02 17:00:46 +0000,"<a href=""http://twitter.com/download/iphone"" rel=""nofollow"">Twitter for iPhone</a>",Here's a pupper with squeaky hiccups. Please enjoy. 13/10 https://t.co/MiMKtsLN6k,,,,https://twitter.com/dog_rates/status/815966073409433600/video/1,13,10,None,None,None,pupper,None
498,813130366689148928,8.13127251579564e+17,4196983835.0,2016-12-25 21:12:41 +0000,"<a href=""http://twitter.com/download/iphone"" rel=""nofollow"">Twitter for iPhone</a>",I've been informed by multiple sources that this is actually a dog elf who's tired from helping Santa all night. Pupgraded to 12/10,,,,,12,10,None,None,None,None,None
513,811647686436880384,8.116272330434806e+17,4196983835.0,2016-12-21 19:01:02 +0000,"<a href=""http://twitter.com/download/iphone"" rel=""nofollow"">Twitter for iPhone</a>",PUPDATE: I've been informed that Augie was actually bringing his family these flowers when he tripped. Very good boy. Pupgraded to 11/10,,,,,11,10,None,None,None,None,None
529,808344865868283904,,,2016-12-12 16:16:49 +0000,"<a href=""http://vine.co"" rel=""nofollow"">Vine - Make a Scene</a>",This is Seamus. He's very bad at entering pools. Still a very good boy tho 11/10 https://t.co/hfi264QwYM,,,,https://vine.co/v/5QWd3LZqXxd,11,10,Seamus,None,None,None,None
534,807106840509214720,,,2016-12-09 06:17:20 +0000,"<a href=""http://twitter.com/download/iphone"" rel=""nofollow"">Twitter for iPhone</a>",This is Stephan. He just wants to help. 13/10 such a good boy https://t.co/DkBYaCAg2d,,,,https://twitter.com/dog_rates/status/807106840509214720/video/1,13,10,Stephan,None,None,None,None
539,806576416489959424,,,2016-12-07 19:09:37 +0000,"<a href=""http://twitter.com/download/iphone"" rel=""nofollow"">Twitter for iPhone</a>",Hooman catch successful. Massive hit by dog. Fumble ensued. Possession to dog. 13/10 https://t.co/QrFkqgHR1G,,,,https://twitter.com/deadspin/status/806570933175652352,13,10,None,None,None,None,None
545,805826884734976000,,,2016-12-05 17:31:15 +0000,"<a href=""http://twitter.com/download/iphone"" rel=""nofollow"">Twitter for iPhone</a>",This is Duke. He is not a fan of the pupporazzi. 12/10 https://t.co/SgpBVYIL18,,,,https://twitter.com/dog_rates/status/805826884734976000/video/1,12,10,Duke,None,None,None,None
551,804475857670639616,,,2016-12-02 00:02:45 +0000,"<a href=""http://twitter.com/download/iphone"" rel=""nofollow"">Twitter for iPhone</a>","HE'S TRYING TO BE HIS OWN PERSON LET HIM GO 13/10
https://t.co/LEZ8jR5txd",,,,https://twitter.com/bvuepd/status/804417859124273152,13,10,None,None,None,None,None
556,803638050916102144,,,2016-11-29 16:33:36 +0000,"<a href=""http://twitter.com/download/iphone"" rel=""nofollow"">Twitter for iPhone</a>",Pupper hath acquire enemy. 13/10 https://t.co/ns9qoElfsX,,,,https://twitter.com/dog_rates/status/803638050916102144/video/1,13,10,None,None,None,pupper,None
562,802600418706604034,,,2016-11-26 19:50:26 +0000,"<a href=""http://vine.co"" rel=""nofollow"">Vine - Make a Scene</a>",This is Bailey. She has mastered the head tilt. 11/10 rather h*ckin adorable https://t.co/urhl90ZE1O,,,,https://vine.co/v/5FwUWjYaW0Y,11,10,Bailey,None,None,None,None
570,801854953262350336,8.018543306724475e+17,11856342.0,2016-11-24 18:28:13 +0000,"<a href=""http://twitter.com/download/iphone"" rel=""nofollow"">Twitter for iPhone</a>",.@NBCSports OMG THE TINY HAT I'M GOING TO HAVE TO SAY 11/10 NBC,,,,,11,10,None,None,None,None,None
576,800859414831898624,8.008579544172626e+17,291859009.0,2016-11-22 00:32:18 +0000,"<a href=""http://twitter.com/download/iphone"" rel=""nofollow"">Twitter for iPhone</a>",@SkyWilliams doggo simply protecting you from evil that which you cannot see. 11/10 would give extra pets,,,,,11,10,None,doggo,None,None,None
585,800018252395122689,,,2016-11-19 16:49:49 +0000,"<a href=""http://twitter.com/download/iphone"" rel=""nofollow"">Twitter for iPhone</a>",Here's a doggo doin a struggle. 11/10 much determined https://t.co/gQqRBfkX4I,,,,https://twitter.com/dog_rates/status/800018252395122689/video/1,11,10,None,doggo,None,None,None
611,797165961484890113,7.97123751162839e+17,29166305.0,2016-11-11 19:55:50 +0000,"<a href=""http://twitter.com/download/iphone"" rel=""nofollow"">Twitter for iPhone</a>",@JODYHiGHROLLER it may be an 11/10 but what do I know üòâ,,,,,11,10,None,None,None,None,None
620,796125600683540480,,,2016-11-08 23:01:49 +0000,"<a href=""http://twitter.com/download/iphone"" rel=""nofollow"">Twitter for iPhone</a>","#ImWithThor 13/10
https://t.co/a18mzkhTf6",,,,https://twitter.com/king5seattle/status/796123679771897856,13,10,None,None,None,None,None
624,795464331001561088,,,2016-11-07 03:14:10 +0000,"<a href=""http://twitter.com/download/iphone"" rel=""nofollow"">Twitter for iPhone</a>",Elder doggo does a splash. Both 13/10 incredible stuff https://t.co/gBUDjdEcqz,,,,https://twitter.com/dog_rates/status/795464331001561088/video/1,13,10,None,doggo,None,None,None
657,791774931465953280,,,2016-10-27 22:53:48 +0000,"<a href=""http://vine.co"" rel=""nofollow"">Vine - Make a Scene</a>",Vine will be deeply missed. This was by far my favorite one. 14/10 https://t.co/roqIxCvEB3,,,,https://vine.co/v/ea0OwvPTx9l,14,10,None,None,None,None,None
672,789903600034189313,,,2016-10-22 18:57:48 +0000,"<a href=""http://vine.co"" rel=""nofollow"">Vine - Make a Scene</a>",This is Ralphy. His dreams were just shattered. Poor pupper. 13/10 it'll be ok Ralphy https://t.co/P0kSN6rT6H,,,,https://vine.co/v/5wPT1aBxPQZ,13,10,Ralphy,None,None,pupper,None
676,789314372632018944,,,2016-10-21 03:56:25 +0000,"<a href=""http://twitter.com/download/iphone"" rel=""nofollow"">Twitter for iPhone</a>","HE WAS JUST A LIL SLEEPY FROM BEING SUCH A GOOD DOGGI ALL THE TIME MISTAKES HAPPEN 13/10
https://t.co/G2ms0A5jWM",,,,https://twitter.com/sebscat/status/788818328538099712,13,10,None,None,None,None,None
699,786286427768250368,,,2016-10-12 19:24:27 +0000,"<a href=""http://vine.co"" rel=""nofollow"">Vine - Make a Scene</a>",This is Arnie. He's afraid of his own bark. 12/10 would comfort https://t.co/ObT2tSxXit,,,,https://vine.co/v/5XH0WqHwiFp,12,10,Arnie,None,None,None,None
701,786051337297522688,7.727430194476073e+17,7.305050141505823e+17,2016-10-12 03:50:17 +0000,"<a href=""http://twitter.com/download/iphone"" rel=""nofollow"">Twitter for iPhone</a>",13/10 for breakdancing puppo @shibbnbot,,,,,13,10,None,None,None,None,puppo
704,785872687017132033,,,2016-10-11 16:00:24 +0000,"<a href=""http://twitter.com/download/iphone"" rel=""nofollow"">Twitter for iPhone</a>",Meet Rusty. He appears to be rather h*ckin fluffy. Also downright adorable af. 12/10 would rub my face against his https://t.co/1j9kLGb4wV,,,,https://twitter.com/dog_rates/status/785872687017132033/video/1,12,10,Rusty,None,None,None,None
707,785515384317313025,,,2016-10-10 16:20:36 +0000,"<a href=""http://twitter.com/download/iphone"" rel=""nofollow"">Twitter for iPhone</a>","Today, 10/10, should be National Dog Rates Day",,,,,10,10,None,None,None,None,None
713,784183165795655680,,,2016-10-07 00:06:50 +0000,"<a href=""http://vine.co"" rel=""nofollow"">Vine - Make a Scene</a>",This is Reginald. He's one magical puppo. Aerodynamic af. 12/10 would catch https://t.co/t0cEeRbcXJ,,,,https://vine.co/v/5ghHLBMMdlV,12,10,Reginald,None,None,None,puppo
714,784057939640352768,,,2016-10-06 15:49:14 +0000,"<a href=""http://vine.co"" rel=""nofollow"">Vine - Make a Scene</a>",This is Balto. He's very content. Legendary tongue slippage. 12/10 would pet forever https://t.co/T7Jr4Gw4sC,,,,https://vine.co/v/5gKxeUpuKEr,12,10,Balto,None,None,None,None
731,781655249211752448,,,2016-09-30 00:41:48 +0000,"<a href=""http://vine.co"" rel=""nofollow"">Vine - Make a Scene</a>",This is Combo. The daily struggles of being a doggo have finally caught up with him. 11/10 https://t.co/LOKrNo0OM7,,,,https://vine.co/v/5rt6T3qm7hL,11,10,Combo,doggo,None,None,None
733,781308096455073793,,,2016-09-29 01:42:20 +0000,"<a href=""http://vine.co"" rel=""nofollow"">Vine - Make a Scene</a>","Pupper butt 1, Doggo 0. Both 12/10 https://t.co/WQvcPEpH2u",,,,https://vine.co/v/5rgu2Law2ut,12,10,None,doggo,None,pupper,None
746,780074436359819264,,,2016-09-25 16:00:13 +0000,"<a href=""http://vine.co"" rel=""nofollow"">Vine - Make a Scene</a>",Here's a doggo questioning his entire existence. 10/10 someone tell him he's a good boy  https://t.co/dVm5Hgdpeb,,,,https://vine.co/v/5nzYBpl0TY2,10,10,None,doggo,None,None,None
748,779377524342161408,,,2016-09-23 17:50:56 +0000,"<a href=""http://twitter.com/download/iphone"" rel=""nofollow"">Twitter for iPhone</a>",Have you ever seen such a smol pupper? Portable af. 12/10 would keep in shirt pocket https://t.co/KsqaIzlQ12,,,,https://twitter.com/dog_rates/status/779377524342161408/video/1,12,10,None,None,None,pupper,None
754,778764940568104960,,,2016-09-22 01:16:45 +0000,"<a href=""http://twitter.com/download/iphone"" rel=""nofollow"">Twitter for iPhone</a>","Oh my god it's Narcos but Barkos. 13/10 someone please make this happen
https://t.co/tird9cIlzB",,,,https://m.youtube.com/watch?v=idKxCMsS3FQ&feature=youtu.be,13,10,None,None,None,None,None
783,775350846108426240,,,2016-09-12 15:10:21 +0000,"<a href=""http://vine.co"" rel=""nofollow"">Vine - Make a Scene</a>",This is Maximus. A little rain won't stop him. He will persevere. 12/10 innovative af  https://t.co/2OmDMAkkou,,,,https://vine.co/v/ijmv0PD0XXD,12,10,Maximus,None,None,None,None
798,772877495989305348,,,2016-09-05 19:22:09 +0000,"<a href=""http://twitter.com"" rel=""nofollow"">Twitter Web Client</a>",You need to watch these two doggos argue through a cat door. Both 11/10 https://t.co/qEP31epKEV,,,,https://twitter.com/dog_rates/status/772877495989305348/video/1,11,10,None,None,None,None,None
807,771908950375665664,,,2016-09-03 03:13:29 +0000,"<a href=""http://twitter.com/download/iphone"" rel=""nofollow"">Twitter for iPhone</a>","Doggo will persevere. 13/10
https://t.co/yOVzAomJ6k",,,,https://twitter.com/yahoonews/status/771905568600719360,13,10,None,doggo,None,None,None
828,768970937022709760,,,2016-08-26 00:38:52 +0000,"<a href=""http://twitter.com"" rel=""nofollow"">Twitter Web Client</a>",This is Kirby. His bowl weighs more than him. 12/10 would assist https://t.co/UlB2mzw3Xs,,,,https://twitter.com/dog_rates/status/768970937022709760/video/1,12,10,Kirby,None,None,None,None
843,766714921925144576,7.667118193648886e+17,4196983835.0,2016-08-19 19:14:16 +0000,"<a href=""http://twitter.com/download/iphone"" rel=""nofollow"">Twitter for iPhone</a>",His name is Charley and he already has a new set of wheels thanks to donations. I heard his top speed was also increased. 13/10 for Charley,,,,,13,10,None,None,None,None,None
857,763956972077010945,7.638651745539645e+17,15846407.0,2016-08-12 04:35:10 +0000,"<a href=""http://twitter.com/download/iphone"" rel=""nofollow"">Twitter for iPhone</a>",@TheEllenShow I'm not sure if you know this but that doggo right there is a 12/10,,,,,12,10,None,doggo,None,None,None
863,762471784394268675,,,2016-08-08 02:13:34 +0000,"<a href=""http://twitter.com/download/iphone"" rel=""nofollow"">Twitter for iPhone</a>",Meet Glenn. Being in public scares him. Frighteningly relatable. 12/10 keep hangin in there Glenn (Imgur - Wuhahha) https://t.co/pA4MDKwRci,,,,https://twitter.com/dog_rates/status/762471784394268675/video/1,12,10,Glenn,None,None,None,None
866,762035686371364864,,,2016-08-06 21:20:40 +0000,"<a href=""http://twitter.com/download/iphone"" rel=""nofollow"">Twitter for iPhone</a>",This left me speechless. 14/10 heckin heroic af https://t.co/3td8P3o0mB,,,,https://twitter.com/dog_rates/status/762035686371364864/video/1,14,10,None,None,None,None,None
870,761672994376806400,,,2016-08-05 21:19:27 +0000,"<a href=""http://twitter.com/download/iphone"" rel=""nofollow"">Twitter for iPhone</a>",Ohboyohboyohboyohboyohboyohboyohboyohboyohboyohboyohboyohboyohboyohboyohboy. 10/10 for all (by happytailsresort) https://t.co/EY8kEFuzK7,,,,https://twitter.com/dog_rates/status/761672994376806400/video/1,10,10,None,None,None,None,None
881,760521673607086080,,,2016-08-02 17:04:31 +0000,"<a href=""http://vine.co"" rel=""nofollow"">Vine - Make a Scene</a>","Doggo want what doggo cannot have. Temptation strong, dog stronger. 12/10  https://t.co/IqyTF6qik6",,,,https://vine.co/v/5ApKetxzmTB,12,10,None,doggo,None,None,None
882,760290219849637889,,,2016-08-02 01:44:48 +0000,"<a href=""http://twitter.com"" rel=""nofollow"">Twitter Web Client</a>",This is Rocco. He's doing his best. 13/10 someone help him (IG: rocco_roni) https://t.co/qFsl1nnXMv,,,,https://twitter.com/dog_rates/status/760290219849637889/video/1,13,10,Rocco,None,None,None,None
886,759943073749200896,,,2016-08-01 02:45:22 +0000,"<a href=""http://vine.co"" rel=""nofollow"">Vine - Make a Scene</a>",Here's a wicked fast pupper. 12/10 camera could barely keep pup https://t.co/HtAR6gpUAu,,,,https://vine.co/v/5AJm5pq7Kav,12,10,None,None,None,pupper,None
893,759446261539934208,,,2016-07-30 17:51:13 +0000,"<a href=""http://twitter.com/download/iphone"" rel=""nofollow"">Twitter for iPhone</a>","No no no this is all wrong. The Walmart had to have run into the dog driving the car. 10/10 someone tell him it's ok
https://t.co/fRaTGcj68A",,,,https://twitter.com/wsaznews/status/759167558763196416,10,10,None,None,None,None,None
902,758467244762497024,,,2016-07-28 01:00:57 +0000,"<a href=""http://twitter.com/download/iphone"" rel=""nofollow"">Twitter for iPhone</a>",Why does this never happen at my front door... 165/150 https://t.co/HmwrdfEfUE,,,,https://twitter.com/dog_rates/status/758467244762497024/video/1,165,150,None,None,None,None,None
905,758099635764359168,,,2016-07-27 00:40:12 +0000,"<a href=""http://vine.co"" rel=""nofollow"">Vine - Make a Scene</a>",In case you haven't seen the most dramatic sneeze ever... 13/10 https://t.co/iy7ylyZcsE,,,,https://vine.co/v/hQJbaj1VpIz,13,10,None,None,None,None,None
923,755955933503782912,,,2016-07-21 02:41:54 +0000,"<a href=""http://twitter.com/download/iphone"" rel=""nofollow"">Twitter for iPhone</a>",Here's a frustrated pupper attempting to escape a pool of Frosted Flakes. 12/10 https://t.co/GAYViEweWr,,,,https://twitter.com/dog_rates/status/755955933503782912/video/1,12,10,None,None,None,pupper,None
925,755110668769038337,,,2016-07-18 18:43:07 +0000,"<a href=""http://twitter.com/download/iphone"" rel=""nofollow"">Twitter for iPhone</a>",This is Watson. He trust falls on command. 13/10 it's elementary... (IG: wat.ki) https://t.co/goX3jewkYN,,,,https://twitter.com/dog_rates/status/755110668769038337/video/1,13,10,Watson,None,None,None,None
929,754482103782404096,,,2016-07-17 01:05:25 +0000,"<a href=""http://twitter.com/download/iphone"" rel=""nofollow"">Twitter for iPhone</a>",This is Milo. He's currently plotting his revenge. 10/10 https://t.co/ca0q9HM8II,,,,https://twitter.com/dog_rates/status/754482103782404096/video/1,10,10,Milo,None,None,None,None
934,753420520834629632,,,2016-07-14 02:47:04 +0000,"<a href=""http://twitter.com/download/iphone"" rel=""nofollow"">Twitter for iPhone</a>",Here we are witnessing an isolated squad of bouncing doggos. Unbelievably rare for this time of year. 11/10 for all https://t.co/CCdlwiTwQf,,,,https://twitter.com/dog_rates/status/753420520834629632/video/1,11,10,None,None,None,None,None
935,753398408988139520,,,2016-07-14 01:19:12 +0000,"<a href=""http://twitter.com/download/iphone"" rel=""nofollow"">Twitter for iPhone</a>",This is Scout. Her batteries are low. 12/10 precious af https://t.co/ov05LIoQJX,,,,https://twitter.com/dog_rates/status/753398408988139520/video/1,12,10,Scout,None,None,None,None
939,753039830821511168,,,2016-07-13 01:34:21 +0000,"<a href=""http://vine.co"" rel=""nofollow"">Vine - Make a Scene</a>",So this just changed my life. 13/10 please enjoy  https://t.co/dsv4xAtfv7,,,,https://vine.co/v/5W2Dg3XPX7a,13,10,None,None,None,None,None
941,752932432744185856,,,2016-07-12 18:27:35 +0000,"<a href=""http://vine.co"" rel=""nofollow"">Vine - Make a Scene</a>",This is Carl. He's very powerful. 12/10 don't mess with Carl https://t.co/v5m2bIukXc,,,,https://vine.co/v/OEppMFbejFz,12,10,Carl,None,None,None,None
946,752568224206688256,,,2016-07-11 18:20:21 +0000,"<a href=""http://vine.co"" rel=""nofollow"">Vine - Make a Scene</a>",Here are three doggos completely misjudging an airborne stick. Decent efforts tho. All 9/10 https://t.co/HCXQL4fGVZ,,,,https://vine.co/v/5W0bdhEUUVT,9,10,None,None,None,None,None
948,752334515931054080,,,2016-07-11 02:51:40 +0000,"<a href=""http://twitter.com/download/iphone"" rel=""nofollow"">Twitter for iPhone</a>",Here's a doggo trying to catch some fish. 8/10 futile af (vid by @KellyBauerx) https://t.co/jwd0j6oWLE,,,,https://twitter.com/dog_rates/status/752334515931054080/video/1,8,10,None,doggo,None,None,None
951,751950017322246144,,,2016-07-10 01:23:49 +0000,"<a href=""http://vine.co"" rel=""nofollow"">Vine - Make a Scene</a>",This is Lola. She's a surfing pupper. 13/10 magical af https://t.co/BlGQkhM5EV,,,,https://vine.co/v/5WrjaYAMvMO,13,10,Lola,None,None,pupper,None
954,751793661361422336,,,2016-07-09 15:02:31 +0000,"<a href=""http://vine.co"" rel=""nofollow"">Vine - Make a Scene</a>",This is Fred. He's having one heck of a summer. 11/10 https://t.co/I7SFchkNk4,,,,https://vine.co/v/5W5YHdTJvaV,11,10,Fred,None,None,None,None
958,751456908746354688,,,2016-07-08 16:44:23 +0000,"<a href=""http://twitter.com/download/iphone"" rel=""nofollow"">Twitter for iPhone</a>",Here's a pupper that's very hungry but too lazy to get up and eat. 12/10 (vid by @RealDavidCortes) https://t.co/lsVAMBq6ex,,,,https://twitter.com/dog_rates/status/751456908746354688/video/1,12,10,None,None,None,pupper,None
959,751251247299190784,,,2016-07-08 03:07:09 +0000,"<a href=""http://twitter.com/download/iphone"" rel=""nofollow"">Twitter for iPhone</a>",This is Gilbert. He's being chased by a battalion of miniature floof cows. 10/10 we all believe in you Gilbert https://t.co/wayKZkDRTG,,,,https://twitter.com/dog_rates/status/751251247299190784/video/1,10,10,Gilbert,None,None,None,None
967,750381685133418496,7.501804988324045e+17,4717297476.0,2016-07-05 17:31:49 +0000,"<a href=""http://twitter.com/download/iphone"" rel=""nofollow"">Twitter for iPhone</a>","13/10 such a good doggo
@spaghemily",,,,,13,10,None,doggo,None,None,None
984,749317047558017024,,,2016-07-02 19:01:20 +0000,"<a href=""http://twitter.com/download/iphone"" rel=""nofollow"">Twitter for iPhone</a>",This is Blu. He's a wild bush Floofer. I wish anything made me as happy as bushes make Blu. 12/10 would frolic with https://t.co/HHUAnBb6QB,,,,https://twitter.com/dog_rates/status/749317047558017024/video/1,12,10,Blu,None,floofer,None,None
985,749075273010798592,,,2016-07-02 03:00:36 +0000,"<a href=""http://vine.co"" rel=""nofollow"">Vine - Make a Scene</a>",This is Boomer. He's self-baptizing. Other doggo not ready to renounce sins. 11/10 spiritually awakened af https://t.co/cRTJiQQk9o,,,,https://vine.co/v/5ztZvHgI17r,11,10,Boomer,doggo,None,None,None
990,748705597323898880,,,2016-07-01 02:31:39 +0000,"<a href=""http://twitter.com"" rel=""nofollow"">Twitter Web Client</a>",#BarkWeek is getting rather heckin terrifying over here. Doin me quite the spooken. 13/10 (vid by @corgi_zero) https://t.co/eA7k1ZQslA,,,,https://twitter.com/dog_rates/status/748705597323898880/video/1,13,10,None,None,None,None,None
994,748568946752774144,,,2016-06-30 17:28:39 +0000,"<a href=""http://twitter.com/download/iphone"" rel=""nofollow"">Twitter for iPhone</a>",This is Cora. She rings a bell for treats. 12/10 precious af (vid by @skyehellenkamp) https://t.co/uUncaAGH18,,,,https://twitter.com/dog_rates/status/748568946752774144/video/1,12,10,Cora,None,None,None,None
996,748337862848962560,,,2016-06-30 02:10:24 +0000,"<a href=""http://vine.co"" rel=""nofollow"">Vine - Make a Scene</a>",SWIM AWAY PUPPER SWIM AWAY 13/10 #BarkWeek  https://t.co/QGGhZoTcwy,,,,https://vine.co/v/h5aDaFthX6O,13,10,None,None,None,pupper,None
999,748220828303695873,,,2016-06-29 18:25:21 +0000,"<a href=""http://vine.co"" rel=""nofollow"">Vine - Make a Scene</a>",Stop what you're doing and watch this heckin masterpiece right here. Both 13/10 https://t.co/3BOVI2WZoH,,,,https://vine.co/v/iiLjKuYJpr6,13,10,None,None,None,None,None
1005,747651430853525504,7.476486538174136e+17,4196983835.0,2016-06-28 04:42:46 +0000,"<a href=""http://twitter.com/download/iphone"" rel=""nofollow"">Twitter for iPhone</a>",Other pupper asked not to have his identity shared. Probably just embarrassed about the headbutt. Also 12/10 it'll be ok mystery pup,,,,,12,10,None,None,None,pupper,None
1006,747648653817413632,,,2016-06-28 04:31:44 +0000,"<a href=""http://vine.co"" rel=""nofollow"">Vine - Make a Scene</a>",This is Keurig. He apparently headbutts other dogs to greet them. Not cool Keurig. So fluffy tho 12/10  https://t.co/zexdr61Q5M,,,,https://vine.co/v/iqIZFtOxEMB,12,10,Keurig,None,None,None,None
1011,747439450712596480,,,2016-06-27 14:40:26 +0000,"<a href=""http://vine.co"" rel=""nofollow"">Vine - Make a Scene</a>",This is Linus. He just wanted to say hello but no one's paying attention. 12/10 (vid by @rebeccacollinzz) https://t.co/VCijm2eVpR,,,,https://vine.co/v/5uTVXWvn3Ip,12,10,Linus,None,None,None,None
1020,746757706116112384,,,2016-06-25 17:31:25 +0000,"<a href=""http://vine.co"" rel=""nofollow"">Vine - Make a Scene</a>",This is Maddie. She gets some wicked air time. Hardcore barkour. 11/10 nimble af https://t.co/bROYbceZ1u,,,,https://vine.co/v/5BYq6hmrEI3,11,10,Maddie,None,None,None,None
1022,746542875601690625,,,2016-06-25 03:17:46 +0000,"<a href=""http://vine.co"" rel=""nofollow"">Vine - Make a Scene</a>",Here's a golden floofer helping with the groceries. Bed got in way. Still 11/10 helpful af (vid by @categoen) https://t.co/6ZRoZUWFmd,,,,https://vine.co/v/5uZYwqmuDeT,11,10,None,None,floofer,None,None
1033,745074613265149952,,,2016-06-21 02:03:25 +0000,"<a href=""http://vine.co"" rel=""nofollow"">Vine - Make a Scene</a>",This is Jeffrey. He wasn't prepared to execute such advanced barkour. Still 11/10 would totally pet https://t.co/MuuwkkLrHh,,,,https://vine.co/v/iQm3JAXuFmv,11,10,Jeffrey,None,None,None,None
1039,744234799360020481,,,2016-06-18 18:26:18 +0000,"<a href=""http://twitter.com/download/iphone"" rel=""nofollow"">Twitter for iPhone</a>",Here's a doggo realizing you can stand in a pool. 13/10 enlightened af (vid by Tina Conrad) https://t.co/7wE9LTEXC4,,,,https://twitter.com/dog_rates/status/744234799360020481/video/1,13,10,None,doggo,None,None,None
1040,744223424764059648,,,2016-06-18 17:41:06 +0000,"<a href=""http://twitter.com/download/iphone"" rel=""nofollow"">Twitter for iPhone</a>","This is actually a pupper and I'd pet it so well. 12/10
https://t.co/RNqS7C4Y4N",,,,https://twitter.com/strange_animals/status/672108316018024452,12,10,actually,None,None,pupper,None
1047,743510151680958465,,,2016-06-16 18:26:48 +0000,"<a href=""http://twitter.com"" rel=""nofollow"">Twitter Web Client</a>","This is Beya. She doesn't want to swim, so she's not going to. 13/10 nonconforming af (vid by @HappyTailsResor) https://t.co/qGeVjHSUKH",,,,https://twitter.com/dog_rates/status/743510151680958465/video/1,13,10,Beya,None,None,None,None
1051,742534281772302336,,,2016-06-14 01:49:03 +0000,"<a href=""http://vine.co"" rel=""nofollow"">Vine - Make a Scene</a>","For anyone who's wondering, this is what happens after a doggo catches it's tail... 11/10 https://t.co/G4fNhzelDv",,,,https://vine.co/v/iLTZmtE1FTB,11,10,None,doggo,None,None,None
1062,741099773336379392,,,2016-06-10 02:48:49 +0000,"<a href=""http://vine.co"" rel=""nofollow"">Vine - Make a Scene</a>",This is Ted. He's given up. 11/10 relatable af https://t.co/7muyOQXbGJ,,,,https://vine.co/v/ixHYvdxUx1L,11,10,Ted,None,None,None,None
1075,739623569819336705,,,2016-06-06 01:02:55 +0000,"<a href=""http://vine.co"" rel=""nofollow"">Vine - Make a Scene</a>",Here's a doggo that don't need no human. 12/10 independent af (vid by @MichelleLiuCee) https://t.co/vdgtdb6rON,,,,https://vine.co/v/iY9Fr1I31U6,12,10,None,doggo,None,None,None
1079,739238157791694849,,,2016-06-04 23:31:25 +0000,"<a href=""http://twitter.com/download/iphone"" rel=""nofollow"">Twitter for iPhone</a>",Here's a doggo blowing bubbles. It's downright legendary. 13/10 would watch on repeat forever (vid by Kent Duryee) https://t.co/YcXgHfp1EC,,,,https://twitter.com/dog_rates/status/739238157791694849/video/1,13,10,None,doggo,None,None,None
1080,738891149612572673,7.384119198962852e+17,358972768.0,2016-06-04 00:32:32 +0000,"<a href=""http://twitter.com/download/iphone"" rel=""nofollow"">Twitter for iPhone</a>",@mount_alex3 13/10,,,,,13,10,None,None,None,None,None
1093,737310737551491075,,,2016-05-30 15:52:33 +0000,"<a href=""http://twitter.com/download/iphone"" rel=""nofollow"">Twitter for iPhone</a>",Everybody stop what you're doing and watch these puppers enjoy summer. Both 13/10 https://t.co/wvjqSCN6iC,,,,https://twitter.com/dog_rates/status/737310737551491075/video/1,13,10,None,None,None,None,None
1095,736392552031657984,,,2016-05-28 03:04:00 +0000,"<a href=""http://vine.co"" rel=""nofollow"">Vine - Make a Scene</a>",Say hello to mad pupper. You know what you did. 13/10 would pet until no longer furustrated https://t.co/u1ulQ5heLX,,,,https://vine.co/v/iEggaEOiLO3,13,10,mad,None,None,pupper,None
1108,734559631394082816,,,2016-05-23 01:40:38 +0000,"<a href=""http://vine.co"" rel=""nofollow"">Vine - Make a Scene</a>",When your friend is turnt af and you're just trying to chill. 10/10 (vid by @presgang) https://t.co/OufVDk23JC,,,,https://vine.co/v/iExiLXiiHvX,10,10,None,None,None,None,None
1127,729838605770891264,7.291135312709919e+17,4196983835.0,2016-05-10 01:00:58 +0000,"<a href=""http://twitter.com/download/iphone"" rel=""nofollow"">Twitter for iPhone</a>","""Challenge completed"" 
(pupgraded to 12/10) https://t.co/85dTK7XCXB",,,,https://twitter.com/dog_rates/status/729838605770891264/video/1,12,10,None,None,None,None,None
1146,727155742655025152,,,2016-05-02 15:20:13 +0000,"<a href=""http://vine.co"" rel=""nofollow"">Vine - Make a Scene</a>",When you're trying to enjoy yourself but end up having to take care of your way too drunk friend. 11/10 https://t.co/BRkhj6tdN0,,,,https://vine.co/v/ixa1ejbXiM7,11,10,None,None,None,None,None
1154,725458796924002305,,,2016-04-27 22:57:10 +0000,"<a href=""http://twitter.com/download/iphone"" rel=""nofollow"">Twitter for iPhone</a>","Pup had to be removed cuz it wouldn't have been fair to the opposing team. 13/10 absolute legend ‚öΩÔ∏è
https://t.co/BHICimO58W",,,,https://twitter.com/foxdeportes/status/725136065078521856,13,10,None,None,None,None,None
1194,717428917016076293,,,2016-04-05 19:09:17 +0000,"<a href=""http://vine.co"" rel=""nofollow"">Vine - Make a Scene</a>",This is Skittle. He's trying to communicate. 11/10 solid effort https://t.co/6WTfJvtKx6,,,,https://vine.co/v/iIhEU2lVqxz,11,10,Skittle,None,None,None,None
1200,716730379797970944,,,2016-04-03 20:53:33 +0000,"<a href=""http://twitter.com/download/iphone"" rel=""nofollow"">Twitter for iPhone</a>","There has clearly been a mistake. Pup did nothing wrong. 12/10 would help escape
https://t.co/Juid3nnLbC",,,,https://twitter.com/chpsanfrancisco/status/716637124322177024,12,10,None,None,None,None,None
1201,716447146686459905,,,2016-04-03 02:08:05 +0000,"<a href=""http://vine.co"" rel=""nofollow"">Vine - Make a Scene</a>",This is Ozzy. He's acrobatic af. Legendary pupper status achieved. 13/10 https://t.co/gHWsCTu90E,,,,https://vine.co/v/eMmXVPn5eQK,13,10,Ozzy,None,None,pupper,None
1206,715758151270801409,,,2016-04-01 04:30:16 +0000,"<a href=""http://vine.co"" rel=""nofollow"">Vine - Make a Scene</a>",This is old now but it's absolutely heckin fantastic and I can't not share it with you all. 13/10  https://t.co/wJX74TSgzP,,,,https://vine.co/v/hYdLVKDpAFu,13,10,old,None,None,None,None
1208,715704790270025728,,,2016-04-01 00:58:13 +0000,"<a href=""http://vine.co"" rel=""nofollow"">Vine - Make a Scene</a>",This is Bentley. He gives kisses back. 11/10 precious af (vid by @emmaallen25) https://t.co/9PnKkKzoUp,,,,https://vine.co/v/ijAlDnuOD0l,11,10,Bentley,None,None,None,None
1217,714962719905021952,,,2016-03-29 23:49:30 +0000,"<a href=""http://vine.co"" rel=""nofollow"">Vine - Make a Scene</a>",Just in case anyone's having a bad day. 12/10 would bounce with https://t.co/T9sgP9ttnQ,,,,https://vine.co/v/inVtemLt9tE,12,10,None,None,None,None,None
1221,714485234495041536,,,2016-03-28 16:12:09 +0000,"<a href=""http://vine.co"" rel=""nofollow"">Vine - Make a Scene</a>",This is Blitz. He screams. 10/10 (vid by @yeaahliv) https://t.co/MfW2aym5UF,,,,https://vine.co/v/iDrOvVqq0A6,10,10,Blitz,None,None,None,None
1227,713909862279876608,,,2016-03-27 02:05:49 +0000,"<a href=""http://vine.co"" rel=""nofollow"">Vine - Make a Scene</a>",This is Doug. His nose is legendary af. 12/10 (vid by @probably_trey) https://t.co/7IWKfbfihS,,,,https://vine.co/v/iDWlapaXWmm,12,10,Doug,None,None,None,None
1237,712309440758808576,,,2016-03-22 16:06:19 +0000,"<a href=""http://twitter.com/download/iphone"" rel=""nofollow"">Twitter for iPhone</a>","Reminder that we made our first set of stickers available! All are 12/10 would stick
Use code ""pupper"" at checkoutüê∂

https://t.co/kJIMNyMNKV",,,,https://twitter.com/stickergrub/status/709919141004595201,12,10,None,None,None,pupper,None
1255,710609963652087808,,,2016-03-17 23:33:12 +0000,"<a href=""http://vine.co"" rel=""nofollow"">Vine - Make a Scene</a>",I've watched this a million times and you probably will too. 12/10 (vid by @emily_galasso) https://t.co/DU7Rb3NDiy,,,,https://vine.co/v/idaTpwH5TgU,12,10,None,None,None,None,None
1257,710296729921429505,,,2016-03-17 02:48:31 +0000,"<a href=""http://vine.co"" rel=""nofollow"">Vine - Make a Scene</a>",This is Oshie. 12/10 please enjoy (vid by @catherinec1389) https://t.co/VmtzwAuotq,,,,https://vine.co/v/iw9hUFAMerV,12,10,Oshie,None,None,None,None
1275,709179584944730112,,,2016-03-14 00:49:23 +0000,"<a href=""http://vine.co"" rel=""nofollow"">Vine - Make a Scene</a>",This is Sammy. He's in a tree. Very excited about it. 13/10 https://t.co/CLe9ETEjeF,,,,https://vine.co/v/iwAjdlEjwMl,13,10,Sammy,None,None,None,None
1278,708853462201716736,,,2016-03-13 03:13:29 +0000,"<a href=""http://vine.co"" rel=""nofollow"">Vine - Make a Scene</a>",This is Lucy. She doesn't understand fetch. 8/10 try turning off and back on (vid by @rileyyoungblood) https://t.co/RXjEwpVJf0,,,,https://vine.co/v/iHl2UDEBZ95,8,10,Lucy,None,None,None,None
1286,708400866336894977,,,2016-03-11 21:15:02 +0000,"<a href=""http://vine.co"" rel=""nofollow"">Vine - Make a Scene</a>",RT if you are as ready for summer as this pup is 12/10 https://t.co/xdNNEZdGJY,,,,https://vine.co/v/iHFqnjKVbIQ,12,10,None,None,None,None,None
1293,708026248782585858,,,2016-03-10 20:26:26 +0000,"<a href=""http://twitter.com/download/iphone"" rel=""nofollow"">Twitter for iPhone</a>",Everybody stop what you're doing and watch this video. Frank is stuck in a loop. 13/10 (Vid by @klbmatty) https://t.co/5AJs8TIV1U,,,,https://twitter.com/dog_rates/status/708026248782585858/video/1,13,10,None,None,None,None,None
1295,707983188426153984,7.079800658926674e+17,2319108198.0,2016-03-10 17:35:20 +0000,"<a href=""http://twitter.com/download/iphone"" rel=""nofollow"">Twitter for iPhone</a>",@serial @MrRoles OH MY GOD I listened to all of season 1 during a single road trip. I love you guys! I can confirm Bernie's 12/10 rating :),,,,,12,10,None,None,None,None,None
1299,707738799544082433,,,2016-03-10 01:24:13 +0000,"<a href=""http://vine.co"" rel=""nofollow"">Vine - Make a Scene</a>",He's doing his best. 12/10 very impressive that he got his license in the first place  https://t.co/2vRmkkOLcN,,,,https://vine.co/v/hUvHKYrdb1d,12,10,None,None,None,None,None
1301,707629649552134146,,,2016-03-09 18:10:30 +0000,"<a href=""http://vine.co"" rel=""nofollow"">Vine - Make a Scene</a>",We usually don't rate marshmallows but this one's having so much fun in the snow. 10/10 (vid by @kylejk24) https://t.co/NL2KwOioBh,,,,https://vine.co/v/iHhBOTl5p9z,10,10,None,None,None,None,None
1313,706904523814649856,,,2016-03-07 18:09:06 +0000,"<a href=""http://vine.co"" rel=""nofollow"">Vine - Make a Scene</a>",Ever seen a dog pet another dog? Both 13/10 truly an awe-inspiring scene. (Vid by @mdougherty20) https://t.co/3PoKf6cw7f,,,,https://vine.co/v/iXQAm5Lrgrh,13,10,None,None,None,None,None
1316,706644897839910912,,,2016-03-07 00:57:27 +0000,"<a href=""http://twitter.com/download/iphone"" rel=""nofollow"">Twitter for iPhone</a>",Meet Shadow. She's tired of the responsibilities associated with being a dog. No longer strives to attain ball. 9/10 https://t.co/cdOkfEpjFw,,,,https://twitter.com/dog_rates/status/706644897839910912/video/1,9,10,Shadow,None,None,None,None
1324,706169069255446529,,,2016-03-05 17:26:40 +0000,"<a href=""http://twitter.com/download/iphone"" rel=""nofollow"">Twitter for iPhone</a>","He was doing his best. 12/10 I'll be his lawyer
https://t.co/WN4C6miCzR",,,,https://twitter.com/wgnnews/status/706165920809492480,12,10,None,None,None,None,None
1326,706153300320784384,,,2016-03-05 16:24:01 +0000,"<a href=""http://vine.co"" rel=""nofollow"">Vine - Make a Scene</a>",This is Layla. She's giving you a standing ovation.13/10 just magnificent (vid by @CSBrzezinski) https://t.co/KxYXHUHUi2,,,,https://vine.co/v/iXidJXBJ3P9,13,10,Layla,None,None,None,None
1345,704491224099647488,7.044857446399099e+17,28785486.0,2016-03-01 02:19:31 +0000,"<a href=""http://twitter.com/download/iphone"" rel=""nofollow"">Twitter for iPhone</a>","13/10 hero af
@ABC",,,,,13,10,None,None,None,None,None
1349,704134088924532736,,,2016-02-29 02:40:23 +0000,"<a href=""http://vine.co"" rel=""nofollow"">Vine - Make a Scene</a>",This sneezy pupper is just adorable af. 12/10 (vid by @gwilks1) https://t.co/h5aI0Tim4j,,,,https://vine.co/v/igW2OEwu9vg,12,10,None,None,None,pupper,None
1364,702899151802126337,,,2016-02-25 16:53:11 +0000,"<a href=""http://vine.co"" rel=""nofollow"">Vine - Make a Scene</a>",Say hello to Luna. Her tongue is malfunctioning (tragic). 12/10 please enjoy (vid by @LilyArtz) https://t.co/F9aLnADVIw,,,,https://vine.co/v/i6iIrBwnTFI,12,10,Luna,None,None,None,None
1369,702332542343577600,,,2016-02-24 03:21:41 +0000,"<a href=""http://vine.co"" rel=""nofollow"">Vine - Make a Scene</a>",This is Rudy. He's going to be a star. 13/10 talented af (vid by @madalynrossi) https://t.co/Dph4FDGoMd,,,,https://vine.co/v/irlDujgwOjd,13,10,Rudy,None,None,None,None
1376,701805642395348998,,,2016-02-22 16:27:58 +0000,"<a href=""http://vine.co"" rel=""nofollow"">Vine - Make a Scene</a>",Please pray for this pupper. Nothing wrong with her she just can't stop getting hit with banana peels. 11/10 https://t.co/8sdVenUAqr,,,,https://vine.co/v/ivV6Y37mH5Z,11,10,None,None,None,pupper,None
1408,699072405256409088,,,2016-02-15 03:27:04 +0000,"<a href=""http://twitter.com/download/iphone"" rel=""nofollow"">Twitter for iPhone</a>",ERMAHGERD 12/10 please enjoy https://t.co/7WrAWKdBac,,,,https://twitter.com/dog_rates/status/699072405256409088/video/1,12,10,None,None,None,None,None
1409,699060279947165696,,,2016-02-15 02:38:53 +0000,"<a href=""http://vine.co"" rel=""nofollow"">Vine - Make a Scene</a>",This is Yukon. He pukes rainbows. 12/10 magical af https://t.co/n6wND1v7il,,,,https://vine.co/v/inlmMHxtqDD,12,10,Yukon,None,None,None,None
1416,698635131305795584,,,2016-02-13 22:29:29 +0000,"<a href=""http://twitter.com/download/iphone"" rel=""nofollow"">Twitter for iPhone</a>",Here we are witnessing five Guatemalan Birch Floofs in their natural habitat. All 12/10 (Vid by @pootdanielle) https://t.co/rb8nzVNh7F,,,,https://twitter.com/dog_rates/status/698635131305795584/video/1,12,10,None,None,None,None,None
1419,698342080612007937,,,2016-02-13 03:05:01 +0000,"<a href=""http://twitter.com/download/iphone"" rel=""nofollow"">Twitter for iPhone</a>",This is Maximus. He's training for the tetherball world championship. The grind never stops. 11/10 (vid by @Amuly21) https://t.co/VmFfWMjNkp,,,,https://twitter.com/dog_rates/status/698342080612007937/video/1,11,10,Maximus,None,None,None,None
1427,697630435728322560,,,2016-02-11 03:57:11 +0000,"<a href=""http://vine.co"" rel=""nofollow"">Vine - Make a Scene</a>",Pls make sure ur dogs have gone through some barkour training b4 they attempt stunts like this. 8/10 https://t.co/VmF35YvtqP,,,,https://vine.co/v/in7ZzHPKzWz,8,10,None,None,None,None,None
1431,697516214579523584,,,2016-02-10 20:23:19 +0000,"<a href=""http://vine.co"" rel=""nofollow"">Vine - Make a Scene</a>",Say hello to Pherb. He does parkour. 9/10 https://t.co/LHFfUyLBZT,,,,https://vine.co/v/i1LriMBmX6W,9,10,Pherb,None,None,None,None
1443,696744641916489729,,,2016-02-08 17:17:22 +0000,"<a href=""http://vine.co"" rel=""nofollow"">Vine - Make a Scene</a>",This is Klevin. He doesn't want his family brainwashed by mainstream media. 10/10 (vid by @AshtonHose) https://t.co/ghhbMAFPW8,,,,https://vine.co/v/i1wrljBUjAu,10,10,Klevin,None,None,None,None
1445,696518437233913856,,,2016-02-08 02:18:30 +0000,"<a href=""http://twitter.com/download/iphone"" rel=""nofollow"">Twitter for iPhone</a>",Oh my god 10/10 for every little hot dog pupper,,,,,10,10,None,None,None,pupper,None
1446,696490539101908992,6.964887109012603e+17,4196983835.0,2016-02-08 00:27:39 +0000,"<a href=""http://twitter.com/download/iphone"" rel=""nofollow"">Twitter for iPhone</a>",After reading the comments I may have overestimated this pup. Downgraded to a 1/10. Please forgive me,,,,,1,10,None,None,None,None,None
1449,696100768806522880,,,2016-02-06 22:38:50 +0000,"<a href=""http://vine.co"" rel=""nofollow"">Vine - Make a Scene</a>",This poor pupper has been stuck in a vortex since last week. Please keep her in your thoughts. 10/10 https://t.co/7ODQWHwYDx,,,,https://vine.co/v/i1KWj0vbvA9,10,10,None,None,None,pupper,None
1459,695064344191721472,,,2016-02-04 02:00:27 +0000,"<a href=""http://twitter.com/download/iphone"" rel=""nofollow"">Twitter for iPhone</a>","This may be the greatest video I've ever been sent. 4/10 for Charles the puppy, 13/10 overall. (Vid by @stevenxx_) https://t.co/uaJmNgXR2P",,,,https://twitter.com/dog_rates/status/695064344191721472/video/1,4,10,None,None,None,None,None
1461,694925794720792577,,,2016-02-03 16:49:55 +0000,"<a href=""http://vine.co"" rel=""nofollow"">Vine - Make a Scene</a>",Please only send in dogs. This t-rex is very scary. 5/10 ...might still pet (vid by @helizabethmicha) https://t.co/Vn6w5w8TO2,,,,https://vine.co/v/iJvUqWQ166L,5,10,None,None,None,None,None
1466,694342028726001664,,,2016-02-02 02:10:14 +0000,"<a href=""http://vine.co"" rel=""nofollow"">Vine - Make a Scene</a>",It's okay pup. This happens every time I listen to @adele also. 11/10 (vid by @_larirutschmann) https://t.co/oCImpQuoRb,,,,https://vine.co/v/iJWKejYdLlh,11,10,None,None,None,None,None
1471,693993230313091072,,,2016-02-01 03:04:14 +0000,"<a href=""http://vine.co"" rel=""nofollow"">Vine - Make a Scene</a>",These lil fellas are the best of friends. 12/10 for both. 1 like = 1 friend (vid by @CassieBrookee15) https://t.co/gzRghPC61H,,,,https://vine.co/v/i5ETazP5hrm,12,10,None,None,None,None,None
1474,693644216740769793,6.936422321512858e+17,4196983835.0,2016-01-31 03:57:23 +0000,"<a href=""http://twitter.com/download/iphone"" rel=""nofollow"">Twitter for iPhone</a>",BREAKING PUPDATE: I've just been notified that (if in U.S.) this dog appears to be operating the vehicle. Upgraded to 10/10. Skilled af,,,,,10,10,None,None,None,None,None
1479,693582294167244802,6.935722159383675e+17,1198988510.0,2016-01-30 23:51:19 +0000,"<a href=""http://twitter.com/download/iphone"" rel=""nofollow"">Twitter for iPhone</a>","Personally I'd give him an 11/10. Not sure why you think you're qualified to rate such a stellar pup.
@CommonWhiteGirI",,,,,11,10,None,None,None,None,None
1480,693486665285931008,,,2016-01-30 17:31:20 +0000,"<a href=""http://twitter.com/download/iphone"" rel=""nofollow"">Twitter for iPhone</a>",This is Lincoln. He doesn't understand his new jacket. 11/10 please enjoy (vid by @GraceIsTheName8) https://t.co/S6cQsIoX27,,,,https://twitter.com/dog_rates/status/693486665285931008/video/1,11,10,Lincoln,None,None,None,None
1482,693267061318012928,,,2016-01-30 02:58:42 +0000,"<a href=""http://vine.co"" rel=""nofollow"">Vine - Make a Scene</a>",This is Oscar. He can wave. Friendly af. 12/10 would totally wave back (IG: Oscar.is.bear) https://t.co/waN6EW0wfM,,,,https://vine.co/v/i5n2irFUYWv,12,10,Oscar,None,None,None,None
1486,693109034023534592,,,2016-01-29 16:30:45 +0000,"<a href=""http://twitter.com/download/iphone"" rel=""nofollow"">Twitter for iPhone</a>","""Thank you friend that was a swell petting"" 11/10 (vid by @MatthewjamesMac) https://t.co/NY3cPAZAIM",,,,https://twitter.com/dog_rates/status/693109034023534592/video/1,11,10,None,None,None,None,None
1497,692423280028966913,6.924173130233324e+17,4196983835.0,2016-01-27 19:05:49 +0000,"<a href=""http://twitter.com/download/iphone"" rel=""nofollow"">Twitter for iPhone</a>",PUPDATE: just noticed this dog has some extra legs. Very advanced. Revolutionary af. Upgraded to a 9/10,,,,,9,10,None,None,None,None,None
1502,692041934689402880,,,2016-01-26 17:50:29 +0000,"<a href=""http://vine.co"" rel=""nofollow"">Vine - Make a Scene</a>",This is Teddy. His head is too heavy. 13/10 (vid by @jooanrim) https://t.co/sRUpRpGZ3y,,,,https://vine.co/v/iiI3wmqXYmA,13,10,Teddy,None,None,None,None
1505,691793053716221953,,,2016-01-26 01:21:31 +0000,"<a href=""http://vine.co"" rel=""nofollow"">Vine - Make a Scene</a>",We usually don't rate penguins but this one is in need of a confidence boost after that slide. 10/10 https://t.co/qnMJHBxPuo,,,,https://vine.co/v/OTTVAKw6YlW,10,10,None,None,None,None,None
1515,690989312272396288,,,2016-01-23 20:07:44 +0000,"<a href=""http://vine.co"" rel=""nofollow"">Vine - Make a Scene</a>",We've got a doggy down. Requesting backup. 12/10 for both. Please enjoy  https://t.co/pmarb2dG0e,,,,https://vine.co/v/iOZKZEU2nHq,12,10,None,None,None,None,None
1523,690607260360429569,6.903412535490028e+17,467036706.0,2016-01-22 18:49:36 +0000,"<a href=""http://twitter.com/download/iphone"" rel=""nofollow"">Twitter for iPhone</a>",12/10 @LightningHoltt,,,,,12,10,None,None,None,None,None
1528,690348396616552449,,,2016-01-22 01:40:58 +0000,"<a href=""http://vine.co"" rel=""nofollow"">Vine - Make a Scene</a>",This is Oddie. He's trying to communicate. 12/10 very solid effort (vid by @kaleseyy) https://t.co/JjxriLqZOL,,,,https://vine.co/v/iejBWerY9X2,12,10,Oddie,None,None,None,None
1534,689993469801164801,,,2016-01-21 02:10:37 +0000,"<a href=""http://vine.co"" rel=""nofollow"">Vine - Make a Scene</a>",Here we are witnessing a rare High Stepping Alaskan Floofer. 12/10 dangerously petable (vid by @TheMrsNux) https://t.co/K4s9IJh2jm,,,,https://vine.co/v/ienexVMZgi5,12,10,None,None,floofer,None,None
1545,689289219123089408,,,2016-01-19 03:32:10 +0000,"<a href=""http://twitter.com/download/iphone"" rel=""nofollow"">Twitter for iPhone</a>",Someone sent me this without any context and every aspect of it is spectacular. 13/10 please enjoy https://t.co/Rxrd4hPmp4,,,,https://twitter.com/dog_rates/status/689289219123089408/video/1,13,10,None,None,None,None,None
1549,689255633275777024,,,2016-01-19 01:18:43 +0000,"<a href=""http://vine.co"" rel=""nofollow"">Vine - Make a Scene</a>",This is Ferg. He swallowed a chainsaw. 1 like = 1 prayer 10/10 remain calm Ferg (vid by @calebturer) https://t.co/gOH51Y8Yh1,,,,https://vine.co/v/iOL792n5hz2,10,10,Ferg,None,None,None,None
1562,688211956440801280,,,2016-01-16 04:11:31 +0000,"<a href=""http://twitter.com/download/iphone"" rel=""nofollow"">Twitter for iPhone</a>",This is Derby. He's a superstar. 13/10 (vid by @NBohlmann) https://t.co/o4Nfc8WoAO,,,,https://twitter.com/dog_rates/status/688211956440801280/video/1,13,10,Derby,None,None,None,None
1566,687841446767013888,,,2016-01-15 03:39:15 +0000,"<a href=""http://vine.co"" rel=""nofollow"">Vine - Make a Scene</a>",13/10 I can't stop watching this (vid by @k8lynwright) https://t.co/nZhhMRr5Hp,,,,https://vine.co/v/iOWwUPH1hrw,13,10,None,None,None,None,None
1570,687732144991551489,,,2016-01-14 20:24:55 +0000,"<a href=""http://vine.co"" rel=""nofollow"">Vine - Make a Scene</a>",This is Ember. That's the q-tip she owes money to. 11/10 pay up pup. (vid by @leanda_h) https://t.co/kGRcRjRJRl,,,,https://vine.co/v/iOuMphL5DBY,11,10,Ember,None,None,None,None
1577,687399393394311168,,,2016-01-13 22:22:41 +0000,"<a href=""http://vine.co"" rel=""nofollow"">Vine - Make a Scene</a>",This is Barry. He's very fast. I hope he finds what he's looking for. 10/10 (vid by @KeeganWolfe33) https://t.co/nTAsyvbIiO,,,,https://vine.co/v/iM2hLu9LU5i,10,10,Barry,None,None,None,None
1586,686760001961103360,,,2016-01-12 04:01:58 +0000,"<a href=""http://vine.co"" rel=""nofollow"">Vine - Make a Scene</a>",This pupper forgot how to walk. 12/10 happens to all of us (vid by @bbuckley96) https://t.co/KFTrkSOuu3,,,,https://vine.co/v/iMvubwT260D,12,10,None,None,None,pupper,None
1592,686394059078897668,,,2016-01-11 03:47:50 +0000,"<a href=""http://vine.co"" rel=""nofollow"">Vine - Make a Scene</a>",This pup's having a nightmare that he forgot to type a paper due first thing in the morning. 12/10 (vid by ... https://t.co/CufnbUT0pB,,,,https://vine.co/v/iMqBebnOvav,12,10,None,None,None,None,None
1596,686286779679375361,,,2016-01-10 20:41:33 +0000,"<a href=""http://vine.co"" rel=""nofollow"">Vine - Make a Scene</a>",When bae calls your name from across the room. 12/10 (vid by @christinemcc98) https://t.co/xolcXA6gxe,,,,https://vine.co/v/iMZx6aDbExn,12,10,None,None,None,None,None
1598,686035780142297088,6.860340248008622e+17,4196983835.0,2016-01-10 04:04:10 +0000,"<a href=""http://twitter.com/download/iphone"" rel=""nofollow"">Twitter for iPhone</a>","Yes I do realize a rating of 4/20 would've been fitting. However, it would be unjust to give these cooperative pups that low of a rating",,,,,4,20,None,None,None,None,None
1603,685943807276412928,,,2016-01-09 21:58:42 +0000,"<a href=""http://twitter.com/download/iphone"" rel=""nofollow"">Twitter for iPhone</a>",This is the newly formed pupper a capella group. They're just starting out but I see tons of potential. 8/10 for all https://t.co/wbAcvFoNtn,,,,https://twitter.com/dog_rates/status/685943807276412928/video/1,8,10,the,None,None,pupper,None
1605,685681090388975616,6.855479360386662e+17,4196983835.0,2016-01-09 04:34:45 +0000,"<a href=""http://twitter.com/download/iphone"" rel=""nofollow"">Twitter for iPhone</a>",Jack deserves another round of applause. If you missed this earlier today I strongly suggest reading it. Wonderful first 14/10 üê∂‚ù§Ô∏è,,,,,14,10,None,None,None,None,None
1607,685663452032069632,,,2016-01-09 03:24:40 +0000,"<a href=""http://twitter.com/download/iphone"" rel=""nofollow"">Twitter for iPhone</a>","Meet Brooks. He's confused by the almighty ball of tennis. 12/10 

(vid by @PDolan37) https://t.co/AcVWe39nmM",,,,https://twitter.com/dog_rates/status/685663452032069632/video/1,12,10,Brooks,None,None,None,None
1618,684969860808454144,6.849597985851105e+17,4196983835.0,2016-01-07 05:28:35 +0000,"<a href=""http://twitter.com/download/iphone"" rel=""nofollow"">Twitter for iPhone</a>","For those who claim this is a goat, u are wrong. It is not the Greatest Of All Time. The rating of 5/10 should have made that clear. Thank u",,,,,5,10,None,None,None,None,None
1625,684830982659280897,,,2016-01-06 20:16:44 +0000,"<a href=""http://vine.co"" rel=""nofollow"">Vine - Make a Scene</a>",This little fella really hates stairs. Prefers bush. 13/10 legendary pupper https://t.co/e3LPMAHj7p,,,,https://vine.co/v/eEZXZI1rqxX,13,10,None,None,None,pupper,None
1628,684588130326986752,,,2016-01-06 04:11:43 +0000,"<a href=""http://vine.co"" rel=""nofollow"">Vine - Make a Scene</a>",This pupper just got his first kiss. 12/10 he's so happy https://t.co/2sHwD7HztL,,,,https://vine.co/v/ihWIxntjtO7,12,10,None,None,None,pupper,None
1630,684538444857667585,6.844810745593815e+17,4196983835.0,2016-01-06 00:54:18 +0000,"<a href=""http://twitter.com/download/iphone"" rel=""nofollow"">Twitter for iPhone</a>","After watching this video, we've determined that Pippa will be upgraded to a 12/10. Please enjoy https://t.co/IKoRK4yoxV",,,,https://twitter.com/dog_rates/status/684538444857667585/video/1,12,10,None,None,None,None,None
1640,684147889187209216,,,2016-01-04 23:02:22 +0000,"<a href=""http://vine.co"" rel=""nofollow"">Vine - Make a Scene</a>",This is Sweets the English Bulldog. Waves back to other bikers. 12/10 just a fantastic friendly pupper https://t.co/WYiFzuX7D4,,,,https://vine.co/v/ib2nTOEuuOI,12,10,Sweets,None,None,pupper,None
1646,683834909291606017,,,2016-01-04 02:18:42 +0000,"<a href=""http://twitter.com/download/iphone"" rel=""nofollow"">Twitter for iPhone</a>",Here we see a faulty pupper. Might need to replace batteries. Try turning off &amp; back on again. 9/10 would still pet https://t.co/O1E4AtHVxO,,,,https://twitter.com/dog_rates/status/683834909291606017/video/1,9,10,None,None,None,pupper,None
1650,683515932363329536,,,2016-01-03 05:11:12 +0000,"<a href=""http://vine.co"" rel=""nofollow"">Vine - Make a Scene</a>",HEY PUP WHAT'S THE PART OF THE HUMAN BODY THAT CONNECTS THE FOOT AND THE LEG? 11/10 so smart https://t.co/XQ1tRUmO3z,,,,https://vine.co/v/ibvnzrauFuV,11,10,None,None,None,None,None
1663,682808988178739200,6.827884415375606e+17,4196983835.0,2016-01-01 06:22:03 +0000,"<a href=""http://twitter.com/download/iphone"" rel=""nofollow"">Twitter for iPhone</a>","I'm aware that I could've said 20/16, but here at WeRateDogs we are very professional. An inconsistent rating scale is simply irresponsible",,,,,20,16,None,None,None,None,None
1676,682088079302213632,,,2015-12-30 06:37:25 +0000,"<a href=""http://vine.co"" rel=""nofollow"">Vine - Make a Scene</a>",I'm not sure what this dog is doing but it's pretty inspirational. 12/10 https://t.co/4Kn9GEHXiE,,,,https://vine.co/v/iqMjlxULzbn,12,10,None,None,None,None,None
1689,681340665377193984,6.813394486558024e+17,4196983835.0,2015-12-28 05:07:27 +0000,"<a href=""http://twitter.com/download/iphone"" rel=""nofollow"">Twitter for iPhone</a>",I've been told there's a slight possibility he's checking his mirror. We'll bump to 9.5/10. Still a menace,,,,,5,10,None,None,None,None,None
1706,680805554198020098,,,2015-12-26 17:41:07 +0000,"<a href=""http://vine.co"" rel=""nofollow"">Vine - Make a Scene</a>",This guy's dog broke. So sad. 9/10 would still pet https://t.co/BYiXJDEzv7,,,,https://vine.co/v/iAP0Ugzi2PO,9,10,None,None,None,None,None
1714,680440374763077632,,,2015-12-25 17:30:01 +0000,"<a href=""http://twitter.com/download/iphone"" rel=""nofollow"">Twitter for iPhone</a>",Merry Christmas. My gift to you is this tiny unicorn running into a wall in slow motion. 11/10 https://t.co/UKqIAnR3He,,,,https://twitter.com/dog_rates/status/680440374763077632/video/1,11,10,None,None,None,None,None
1728,679872969355714560,,,2015-12-24 03:55:21 +0000,"<a href=""http://vine.co"" rel=""nofollow"">Vine - Make a Scene</a>",This is Rocco. He's in a very intense game of freeze tag. Currently waiting to be unfrozen 10/10 https://t.co/xZXUKVXJ7l,,,,https://vine.co/v/iAAxTbj1UAM,10,10,Rocco,None,None,None,None
1743,679405845277462528,,,2015-12-22 20:59:10 +0000,"<a href=""http://vine.co"" rel=""nofollow"">Vine - Make a Scene</a>",Crazy unseen footage from Jurassic Park. 10/10 for both dinosaur puppers https://t.co/L8wt2IpwxO,,,,https://vine.co/v/iKVFEigMLxP,10,10,None,None,None,None,None
1747,679111216690831360,,,2015-12-22 01:28:25 +0000,"<a href=""http://twitter.com/download/iphone"" rel=""nofollow"">Twitter for iPhone</a>",This is officially the greatest yawn of all time. 12/10 https://t.co/4R0Cc0sLVE,,,,https://twitter.com/dog_rates/status/679111216690831360/video/1,12,10,officially,None,None,None,None
1750,679001094530465792,,,2015-12-21 18:10:50 +0000,"<a href=""http://vine.co"" rel=""nofollow"">Vine - Make a Scene</a>",This is Rascal. He's paddling an imaginary canoe. 11/10 https://t.co/Ajquq6oGSg,,,,https://vine.co/v/iKIwAzEatd6,11,10,Rascal,None,None,None,None
1760,678708137298427904,,,2015-12-20 22:46:44 +0000,"<a href=""http://vine.co"" rel=""nofollow"">Vine - Make a Scene</a>",Here we are witnessing a wild field pupper. Lost his wallet in there. Rather unfortunate. 10/10 good luck pup https://t.co/sZy9Co74Bw,,,,https://vine.co/v/eQjxxYaQ60K,10,10,None,None,None,pupper,None
1766,678399652199309312,,,2015-12-20 02:20:55 +0000,"<a href=""http://twitter.com/download/iphone"" rel=""nofollow"">Twitter for iPhone</a>",This made my day. 12/10 please enjoy https://t.co/VRTbo3aAcm,,,,https://twitter.com/dog_rates/status/678399652199309312/video/1,12,10,None,None,None,None,None
1774,678023323247357953,6.780211157180293e+17,4196983835.0,2015-12-19 01:25:31 +0000,"<a href=""http://twitter.com/download/iphone"" rel=""nofollow"">Twitter for iPhone</a>",After getting lost in Reese's eyes for several minutes we're going to upgrade him to a 13/10,,,,,13,10,None,None,None,None,None
1776,677961670166224897,,,2015-12-18 21:20:32 +0000,"<a href=""http://vine.co"" rel=""nofollow"">Vine - Make a Scene</a>",This is Izzy. She's showing off the dance moves she's been working on. 11/10 I guess hard work pays off https://t.co/4JS92YAxTi,,,,https://vine.co/v/iKuMDuYV0aZ,11,10,Izzy,None,None,None,None
1785,677644091929329666,,,2015-12-18 00:18:36 +0000,"<a href=""http://twitter.com/download/iphone"" rel=""nofollow"">Twitter for iPhone</a>",This is a dog swinging. I really enjoyed it so I hope you all do as well. 11/10 https://t.co/Ozo9KHTRND,,,,https://twitter.com/dog_rates/status/677644091929329666/video/1,11,10,a,None,None,None,None
1791,677335745548390400,,,2015-12-17 03:53:20 +0000,"<a href=""http://vine.co"" rel=""nofollow"">Vine - Make a Scene</a>",Downright inspiring 12/10 https://t.co/vSLtYBWHcQ,,,,https://vine.co/v/hbLbH77Ar67,12,10,None,None,None,None,None
1801,676957860086095872,,,2015-12-16 02:51:45 +0000,"<a href=""http://twitter.com/download/iphone"" rel=""nofollow"">Twitter for iPhone</a>",10/10 I'd follow this dog into battle no questions asked https://t.co/ngTNXYQF0L,,,,https://twitter.com/dog_rates/status/676957860086095872/video/1,10,10,None,None,None,None,None
1807,676916996760600576,,,2015-12-16 00:09:23 +0000,"<a href=""http://vine.co"" rel=""nofollow"">Vine - Make a Scene</a>",Super speedy pupper. Does not go gentle into that goodnight. 10/10 https://t.co/uPXBXS1XNb,,,,https://vine.co/v/imJ0BdZOJTw,10,10,None,None,None,pupper,None
1813,676776431406465024,,,2015-12-15 14:50:49 +0000,"<a href=""http://twitter.com/download/iphone"" rel=""nofollow"">Twitter for iPhone</a>","When someone yells ""cops!"" at a party and you gotta get your drunk friend out of there. 10/10 https://t.co/4rMZi5Ca1k",,,,https://twitter.com/dog_rates/status/676776431406465024/video/1,10,10,None,None,None,None,None
1818,676593408224403456,,,2015-12-15 02:43:33 +0000,"<a href=""http://vine.co"" rel=""nofollow"">Vine - Make a Scene</a>",This pupper loves leaves. 11/10 for committed leaf lover https://t.co/APvLqbEhkF,,,,https://vine.co/v/eEQQaPFbgOY,11,10,None,None,None,pupper,None
1819,676590572941893632,6.765883460978524e+17,4196983835.0,2015-12-15 02:32:17 +0000,"<a href=""http://twitter.com/download/iphone"" rel=""nofollow"">Twitter for iPhone</a>",After some outrage from the crowd. Bubbles is being upgraded to a 7/10. That's as high as I'm going. Thank you,,,,,7,10,None,None,None,None,None
1834,676121918416756736,,,2015-12-13 19:30:01 +0000,"<a href=""http://vine.co"" rel=""nofollow"">Vine - Make a Scene</a>",Here we are witnessing a very excited dog. Clearly has no control over neck movements. 8/10 would still pet https://t.co/ICNIjSkrXs,,,,https://vine.co/v/iZXg7VpeDAv,8,10,None,None,None,None,None
1844,675849018447167488,6.758456573542154e+17,4196983835.0,2015-12-13 01:25:37 +0000,"<a href=""http://twitter.com/download/iphone"" rel=""nofollow"">Twitter for iPhone</a>",This dog is being demoted to a 9/10 for not wearing a helmet while riding. Gotta stay safe out there. Thank you,,,,,9,10,None,None,None,None,None
1850,675740360753160193,,,2015-12-12 18:13:51 +0000,"<a href=""http://twitter.com/download/iphone"" rel=""nofollow"">Twitter for iPhone</a>",Here's a pupper licking in slow motion. 12/10 please enjoy https://t.co/AUJi8ujxw9,,,,https://twitter.com/dog_rates/status/675740360753160193/video/1,12,10,None,None,None,pupper,None
1865,675354435921575936,,,2015-12-11 16:40:19 +0000,"<a href=""http://twitter.com"" rel=""nofollow"">Twitter Web Client</a>",Everyone needs to watch this. 13/10 https://t.co/Bb3xnpsWBC,,,,https://twitter.com/dog_rates/status/675354435921575936/video/1,13,10,None,None,None,None,None
1883,674805413498527744,,,2015-12-10 04:18:42 +0000,"<a href=""http://twitter.com/download/iphone"" rel=""nofollow"">Twitter for iPhone</a>","When your entire life is crumbling before you and you're trying really hard to hold your shit together.
10/10 https://t.co/vqFkgYPCW8",,,,https://twitter.com/dog_rates/status/674805413498527744/video/1,10,10,None,None,None,None,None
1895,674742531037511680,6.747399531344036e+17,4196983835.0,2015-12-10 00:08:50 +0000,"<a href=""http://twitter.com/download/iphone"" rel=""nofollow"">Twitter for iPhone</a>",Some clarification is required. The dog is singing Cher and that is more than worthy of an 11/10. Thank you,,,,,11,10,None,None,None,None,None
1905,674606911342424069,6.744688808997888e+17,4196983835.0,2015-12-09 15:09:55 +0000,"<a href=""http://twitter.com/download/iphone"" rel=""nofollow"">Twitter for iPhone</a>",The 13/10 also takes into account this impeccable yard. Louis is great but the future dad in me can't ignore that luscious green grass,,,,,13,10,None,None,None,None,None
1914,674330906434379776,6.658146967007232e+17,16374678.0,2015-12-08 20:53:11 +0000,"<a href=""http://twitter.com/download/iphone"" rel=""nofollow"">Twitter for iPhone</a>","13/10
@ABC7",,,,,13,10,None,None,None,None,None
1916,674307341513269249,,,2015-12-08 19:19:32 +0000,"<a href=""http://vine.co"" rel=""nofollow"">Vine - Make a Scene</a>",This is life-changing. 12/10 https://t.co/SroTpI6psB,,,,https://vine.co/v/i7nWzrenw5h,12,10,life,None,None,None,None
1940,673716320723169284,6.737158618537206e+17,4196983835.0,2015-12-07 04:11:02 +0000,"<a href=""http://twitter.com/download/iphone"" rel=""nofollow"">Twitter for iPhone</a>",The millennials have spoken and we've decided to immediately demote to a 1/10. Thank you,,,,,1,10,None,None,None,None,None
2038,671550332464455680,6.715448741650022e+17,4196983835.0,2015-12-01 04:44:10 +0000,"<a href=""http://twitter.com/download/iphone"" rel=""nofollow"">Twitter for iPhone</a>",After 22 minutes of careful deliberation this dog is being demoted to a 1/10. The longer you look at him the more terrifying he becomes,,,,,1,10,None,None,None,None,None
2149,669684865554620416,6.693543826270495e+17,4196983835.0,2015-11-26 01:11:28 +0000,"<a href=""http://twitter.com/download/iphone"" rel=""nofollow"">Twitter for iPhone</a>",After countless hours of research and hundreds of formula alterations we have concluded that Dug should be bumped to an 11/10,,,,,11,10,None,None,None,None,None
2189,668967877119254528,6.689207171325829e+17,21435658.0,2015-11-24 01:42:25 +0000,"<a href=""http://twitter.com/download/iphone"" rel=""nofollow"">Twitter for iPhone</a>","12/10 good shit Bubka
@wane15",,,,,12,10,None,None,None,None,None
2212,668587383441514497,,,2015-11-23 00:30:28 +0000,"<a href=""http://vine.co"" rel=""nofollow"">Vine - Make a Scene</a>",Never forget this vine. You will not stop watching for at least 15 minutes. This is the second coveted.. 13/10 https://t.co/roqIxCvEB3,,,,https://vine.co/v/ea0OwvPTx9l,13,10,the,None,None,None,None
2298,667070482143944705,6.670655355705508e+17,4196983835.0,2015-11-18 20:02:51 +0000,"<a href=""http://twitter.com/download/iphone"" rel=""nofollow"">Twitter for iPhone</a>",After much debate this dog is being upgraded to 10/10. I repeat 10/10,,,,,10,10,None,None,None,None,None
